{
	"info": {
		"_postman_id": "45503251-2a81-465a-b809-76de25a7adc9",
		"name": "PokeAPI",
		"schema": "https://schema.getpostman.com/json/collection/v2.1.0/collection.json"
	},
	"item": [
		{
			"name": "Lista de Pokemon",
			"request": {
				"method": "GET",
				"header": [],
				"url": {
					"raw": "https://pokeapi.co/api/v2/pokemon/",
					"protocol": "https",
					"host": [
						"pokeapi",
						"co"
					],
					"path": [
						"api",
						"v2",
						"pokemon",
						""
					]
				}
			},
			"response": []
		},
		{
			"name": "Detalhes do pokemon",
			"request": {
				"method": "GET",
				"header": [],
				"url": {
					"raw": ""
				}
			},
			"response": []
		}
	],
	"protocolProfileBehavior": {}
}